{
  "posts": [
    {
      "id": 1,
      "title": "json-server",
      "author": "typicode"
    }
  ],
  "users": [
    {
      "id": 1,
      "name": "anup alone",
      "email": "anup@gmail.com",
      "address": "pune"
    },
    {
      "id": 2,
      "name": "monti alone",
      "email": "monti@gmail.com",
      "address": "pune"
    },
    {
      "id": 3,
      "name": "minti alone",
      "email": "minti@gmail.com",
      "address": "pune"
    },
    {
      "name": "megha",
      "email": "megha@gmail.com",
      "password": "megha123",
      "id": 4
    },
    {
      "name": "jay",
      "email": "jay@gmail.com",
      "password": "jay123",
      "id": 5
    },
    {
      "name": "viru baba",
      "email": "viru@hotmail.com",
      "password": "anup00000",
      "id": 6
    },
    {
      "name": "raghav",
      "email": "raghav@gamil.com",
      "password": "raghav12345",
      "id": 7
    },
    {
      "name": "prati",
      "email": "moti123",
      "password": "prati@gmail.com",
      "id": 8
    },
    {
      "name": "dhanu",
      "email": "dhanu123",
      "password": "dhanu@gmail.com",
      "id": 9
    }
  ]
}